link,bbfrodo,price
https://orangecounty.craigslist.org/apa/d/irvine-am-amazed-wow/7229473732.html,I AM AMAZED WOW,"$2,500"
https://orangecounty.craigslist.org/apa/d/huntington-beach-huge-discounts-here/7229473935.html,HUGE DISCOUNTS HERE,"$2,500"
https://orangecounty.craigslist.org/apa/d/amazing-proposal-two-bedroom-for-rent/7228239571.html,Amazing PROPOSAL! TWO Bedroom For rent.,$676
https://orangecounty.craigslist.org/apa/d/irvine-this-is-recently-renovated/7225037665.html,"This is a recently renovated Cambridge Model, single story home at the","$2,500"
https://orangecounty.craigslist.org/apa/d/san-juan-capistrano-ocean-view-villa/7228197120.html,"OCEAN VIEW VILLA WITH POOL, SPA, FIREPIT, MO TO MO TO ANNUAL","$11,000"
https://orangecounty.craigslist.org/apa/d/fountain-valley-available-today-only/7218097558.html,AVAILABLE TODAY ONLY! $1665 / MONTH!,"$1,665"
https://orangecounty.craigslist.org/apa/d/newport-beach-bedroom-gorgeous-home/7229449793.html,3 Bedroom Gorgeous home near the back bay,"$6,500"
https://orangecounty.craigslist.org/apa/d/newport-beach-beautiful-home/7229441055.html,Beautiful home overlooking the back bay,"$6,500"
https://orangecounty.craigslist.org/apa/d/newport-beach-gorgeous-newly-renovated/7229429284.html,Gorgeous Newly Renovated 2 Story  Home Overlooking The Back Ba,"$6,500"
https://orangecounty.craigslist.org/apa/d/laguna-beach-charming-village-bungalow/7229395713.html,Charming Village Bungalow by Bluebird Park,"$4,500"
https://orangecounty.craigslist.org/apa/d/dana-point-south-laguna-ocean-view/7229398311.html,South Laguna Ocean View Remodeled Home,"$6,000"
https://orangecounty.craigslist.org/apa/d/laguna-beach-beautiful-remodeled-home/7229392745.html,Beautiful Remodeled Home in Laguna Village,"$4,200"
https://orangecounty.craigslist.org/apa/d/newport-beach-gorgeous-two-story-with/7229391961.html,Gorgeous two story with back bay view,"$6,500"
https://orangecounty.craigslist.org/apa/d/rancho-santa-margarita-rsm-rancho-santa/7229382695.html,RSM Rancho Santa Margerita 4 Bedroom EXEC,"$4,200"
https://orangecounty.craigslist.org/apa/d/newport-beach-bedroom-gorgeous-home/7218442597.html,3 Bedroom Gorgeous Home,"$6,500"
https://orangecounty.craigslist.org/apa/d/newport-beach-newly-renovated-story-home/7214569463.html,Newly Renovated 2 Story Home!,"$6,500"
https://orangecounty.craigslist.org/apa/d/anaheim-large-house-3-bdr/7229325867.html,Large house w/ 3 bdr,"$2,700"
https://orangecounty.craigslist.org/apa/d/lake-forest-lake-forest-irvine-master/7229340669.html,LAKE FOREST/IRVINE-MASTER SUITE-FURNISHED-REMODELED,"$1,200"
https://orangecounty.craigslist.org/apa/d/los-alamitos-lovely-2bd-1ba-house-yard/7225092430.html,"Lovely 2bd 1ba House w/yard, carport & laundry hkups","$2,050"
https://orangecounty.craigslist.org/apa/d/fourchu-beautiful-2bd-1ba-rear-house/7225091356.html,"Beautiful 2bd 1ba rear House w/patio, garage & lndry hkups","$2,350"
https://orangecounty.craigslist.org/apa/d/orange-scam-alert-rto-ads-are-scam/7229321088.html,****SCAM ALERT RTO ADS ARE A SCAM****,$0
https://orangecounty.craigslist.org/apa/d/furnished-room-in-santa-ana/7229320832.html,Furnished Room in Santa Ana,"$1,000"
https://orangecounty.craigslist.org/apa/d/garden-grove-this-ad-is-total-scam/7229318838.html,THIS AD IS A TOTAL SCAM!!!!!!!!!!!!,$0
https://orangecounty.craigslist.org/apa/d/anaheim-bedroom-15bth-pet-friendly/7229237715.html,3 bedroom 1.5bth Pet friendly,"$1,125"
https://orangecounty.craigslist.org/apa/d/foothill-ranch-magnificient-bedroomtwo/7227948010.html,"MAGNIFICIENT 3 bedroomTWO bathroom, one-level house!",$692
https://orangecounty.craigslist.org/apa/d/buena-park-newly-remodel-bed-bath-large/7222785339.html,@@@newly remodel 1 bed/1 bath large Bouns room,"$1,700"
https://orangecounty.craigslist.org/apa/d/santa-ana-housing-needed-will-provide/7229234341.html,HOUSING NEEDED! Will Provide Proof of Income,"$1,000"
https://orangecounty.craigslist.org/apa/d/anaheim-1bd-1ba-guest-house-studio/7226472720.html,1BD/1BA Guest House Studio utilities covered,"$1,500"
https://orangecounty.craigslist.org/apa/d/irvine-the-matchless-union-in-regard-to/7227943986.html,The matchless union in regard to flair as well as consolation! QUICK.!,$546
https://orangecounty.craigslist.org/apa/d/irvine-the-matchless-blend-connected/7227949004.html,The matchless blend connected with grace and luxury! INVITING YOU!!!!!,$687
https://orangecounty.craigslist.org/apa/d/santa-ana-house-for-rent/7229243494.html,House for Rent,"$1,800"
https://orangecounty.craigslist.org/apa/d/irvine-beautiful-throughly-furnished/7227954298.html,Beautiful Throughly furnished TWO rooms home terrace/ car parking,$509
https://orangecounty.craigslist.org/apa/d/newport-beach-spectacular-story-home/7229233392.html,Spectacular 2 story home!,"$6,500"
https://orangecounty.craigslist.org/apa/d/garden-grove-big-beautiful-charming/7229213283.html,BIG BEAUTIFUL CHARMING SUITE (ROOM W/ PRIVATE BATH)..  GATED COMMUNITY,$995
https://orangecounty.craigslist.org/apa/d/newport-beach-bedroom-gorgeous-home/7229220878.html,3 Bedroom Gorgeous Home!!,"$6,500"
https://orangecounty.craigslist.org/apa/d/newport-beach-story-home-for-rent-with/7229214765.html,2 Story Home for Rent! With Back Bay View!,"$6,500"
https://orangecounty.craigslist.org/apa/d/los-alamitos-lovely-middle-2bd-1ba/7222478637.html,"Lovely Middle 2bd 1ba House w/yard, lndry hkup and carport","$2,050"
https://orangecounty.craigslist.org/apa/d/newport-beach-beautiful-story-home/7217879921.html,Beautiful 2 story home available!,"$6,500"
https://orangecounty.craigslist.org/apa/d/anaheim-well-maintained-home-by-the/7227349372.html,Well maintained home by the same owner since 1957,"$2,000"
https://orangecounty.craigslist.org/apa/d/anaheim-open-house-tomorrow-nov-12pm/7227349376.html,Open house Tomorrow 8 Nov 12pm Rent $2000,"$2,000"
https://orangecounty.craigslist.org/apa/d/anaheim-this-mid-century-modern-home/7227349392.html,This mid century modern home,"$2,000"
https://orangecounty.craigslist.org/apa/d/anaheim-bedroom-house/7229162698.html,2 Bedroom House,"$2,100"
https://orangecounty.craigslist.org/apa/d/sonora-big-house-with-possible-inlaw/7229156996.html,"Big House with possible - inlaw quarters. $1,800.","$1,800"
https://orangecounty.craigslist.org/apa/d/orange-big-beautiful-charming-suite/7229118172.html,BIG BEAUTIFUL CHARMING SUITE (ROOM W/ PRIVATE BATH).. GATED COMMUNITY,$995
https://orangecounty.craigslist.org/apa/d/garden-grove-beautiful-single-family/7229059106.html,Beautiful single family home,"$2,800"
https://orangecounty.craigslist.org/apa/d/laguna-beach-light-bright-fully/7229074194.html,Light & bright fully furnished cottage at Victoria Beach loo,"$8,500"
https://orangecounty.craigslist.org/apa/d/irvine-hurry-up-bhk-equipped-with-deck/7229039834.html,HURRY UP!!!!! 2 BHK EQUIPPED With DECK,$619
https://orangecounty.craigslist.org/apa/d/irvine-5-bedrm-new-park/7221063386.html,4-5 bedrm . New park,$614
https://orangecounty.craigslist.org/apa/d/irvine-tremendous-bedroom-bathroommove/7229006542.html,TREMENDOUS 2 Bedroom/ 2 Bathroom.!MOVE IN TODAY,$558
https://orangecounty.craigslist.org/apa/d/move-in-bedroom-set-along-balcony/7229007459.html,Move in.! 3 Bedroom SET Along BALCONY,$585
https://orangecounty.craigslist.org/apa/d/bellflower-bellflower-family-home/7227542787.html,Bellflower Family Home,"$2,900"
https://orangecounty.craigslist.org/apa/d/santa-ana-santa-ana-downtown-house/7219718146.html,Santa Ana Downtown House,"$3,950"
https://orangecounty.craigslist.org/apa/d/irvine-fall-in-love-with-our-stylish/7227826449.html,Fall in love with Our STYLISH THREE Bedroom/ Bathroom House.!,$631
https://orangecounty.craigslist.org/apa/d/garden-grove-beautiful-bedrooms-and/7228970926.html,Beautiful 3 Bedrooms and 2 Baths. 1231 sq ft home sit on a 7200 sq ft,$800
https://orangecounty.craigslist.org/apa/d/garden-grove-brookshire-ave-garden/7228970835.html,"11671 Brookshire Ave, Garden Grove, CA 92840",$800
https://orangecounty.craigslist.org/apa/d/costa-mesa-master-suite-furnished/7226268543.html,"MASTER SUITE furnished, w/ walkin closet,bathroom w/jacuzzi,priv entry","$1,425"
https://orangecounty.craigslist.org/apa/d/buena-park-bedroom-available/7227348844.html,Bedroom available,$680
https://orangecounty.craigslist.org/apa/d/whittier-excellent-large-bedroom-house/7225971467.html,Excellent large 2 bedroom house,"$1,850"
https://orangecounty.craigslist.org/apa/d/indio-newdesert-home-on-golf-course/7224822875.html,"NewDesert home on golf course , 3 Bdrm, upgraded , great room","$2,350"
https://orangecounty.craigslist.org/apa/d/lake-forest-you-wont-want-to-miss-this/7228905028.html,You wont want to miss this amazing home and Move-in before the holiday,"$2,000"
https://orangecounty.craigslist.org/apa/d/mission-viejo-upgraded-bedroom-pet/7216878899.html,üè† Upgraded 4-Bedroom Pet-Friendly Home w/Yard! +Lake Privileges   ;-),"$3,650"
https://orangecounty.craigslist.org/apa/d/anaheim-bath-detached-house/7227662625.html,&1 bath detached house,"$2,100"
https://orangecounty.craigslist.org/apa/d/irvine-tremendous-bhk-toilethurry-up/7228854359.html,TREMENDOUS 3 BHK/ 2 TOILET.HURRY UP,$654
https://orangecounty.craigslist.org/apa/d/anaheim-wonderful-overtune-two-bedroom/7228881300.html,WONDERFUL OVERTUNE.. TWO Bedroom TO HIRE,$718
https://orangecounty.craigslist.org/apa/d/irvine-searching-animal-friendly/7228855084.html,Searching a Animal-friendly HOUSE?Call now,$523
https://orangecounty.craigslist.org/apa/d/irvine-unbelievable-proposal-br-for/7228874066.html,UNBELIEVABLE PROPOSAL!! 3 BR FOR LEASE,$672
https://orangecounty.craigslist.org/apa/d/anaheim-get-ready-br-equipped-along-deck/7228842642.html,GET READY!! 2 BR EQUIPPED Along DECK,$504
https://orangecounty.craigslist.org/apa/d/irvine-3brdm-baththe-very-best-deal/7224135052.html,3brdm 1 bath!THE VERY BEST DEAL!,$574
https://orangecounty.craigslist.org/apa/d/whittier-cozy-remodeled-studio/7224979940.html,COZY/ REMODELED STUDIO,$895
https://orangecounty.craigslist.org/apa/d/laguna-beach-ocean-front-beach-front/7228833027.html,OCEAN FRONT/BEACH FRONT LAGUNITA Furnished,"$15,000"
https://orangecounty.craigslist.org/apa/d/irvine-luxury-suitable-two-br-together/7226422634.html,LUXURY & SUITABLE TWO BR Together with Attached BA.,$588
https://orangecounty.craigslist.org/apa/d/dana-point-exceptional-opportunity-in/7227662010.html,Exceptional Opportunity In Monarch Beach,"$4,450"
https://orangecounty.craigslist.org/apa/d/la-mirada-br-ft2-bedroom-for-rent-near/7223885346.html,$3200/ 4br - 1500ft2 - 4 BEDROOM FOR RENT NEAR BIOLA! (LA MIRADA),"$3,200"
https://orangecounty.craigslist.org/apa/d/los-alamitos-great-middle-house-yard/7221939859.html,"Great middle House w/yard, carport & lndry hkups","$2,050"
https://orangecounty.craigslist.org/apa/d/foothill-ranch-comfortable-along-with/7228740409.html,Comfortable ALONG WITH Affordable...!!!! TWO Bedroom/ THREE TOILET,$579
https://orangecounty.craigslist.org/apa/d/foothill-ranch-amazing-brtwo/7226317033.html,"AMAZING!!!!! 3 BR,TWO RESTROOM,1500-sf",$594
https://orangecounty.craigslist.org/apa/d/irvine-bedroom-restroom-balcony-sf-roof/7226318054.html,5 Bedroom/ 2 RESTROOM/ Balcony/9-SF ROOF,$594
https://orangecounty.craigslist.org/apa/d/irvine-room-two-restroom-balcony9-sf/7226317577.html,"5 ROOM/ TWO RESTROOM, Balcony,9-SF Ceiling",$601
https://orangecounty.craigslist.org/apa/d/anaheim-brand-new-furnace/7228660174.html,{~~Brand new furnace!!},$745
https://orangecounty.craigslist.org/apa/d/irvine-excellently-modernished-room/7228643456.html,3 EXCELLENTLY MODERNISHED ROOM ALONG WITH ONE Second BA!! RUSH,$586
https://orangecounty.craigslist.org/apa/d/huntington-beach-dream-home/7212719311.html,DREAM HOME,"$9,000"
https://orangecounty.craigslist.org/apa/d/irvine-beatiful-home/7213561590.html,BEATIFUL HOME,"$4,575"
https://orangecounty.craigslist.org/apa/d/irvine-perffect-home/7213563530.html,PERFFECT HOME,"$4,600"
https://orangecounty.craigslist.org/apa/d/anaheim-beautiful-home/7212732294.html,BEAUTIFUL HOME,"$7,000"
https://orangecounty.craigslist.org/apa/d/sunset-beach-dream-harbor-home/7212712154.html,DREAM HARBOR HOME,"$7,000"
https://orangecounty.craigslist.org/apa/d/corona-del-mar-beautiful-home/7213999536.html,BEAUTIFUL HOME,"$9,000"
https://orangecounty.craigslist.org/apa/d/foothill-ranch-beautiful-condo/7214037890.html,BEAUTIFUL CONDO,"$5,500"
https://orangecounty.craigslist.org/apa/d/irvine-perfect-home/7214013749.html,PERFECT HOME,"$5,000"
https://orangecounty.craigslist.org/apa/d/corona-del-mar-gorgeous-home/7214010135.html,GORGEOUS HOME,"$15,000"
https://orangecounty.craigslist.org/apa/d/foothill-ranch-perfect-family-home/7214019169.html,PERFECT FAMILY HOME,"$4,100"
https://orangecounty.craigslist.org/apa/d/corona-del-mar-nice-home/7213995831.html,NICE HOME,"$6,500"
https://orangecounty.craigslist.org/apa/d/foothill-ranch-beautiful-condo/7214026217.html,BEAUTIFUL CONDO,"$4,100"
https://orangecounty.craigslist.org/apa/d/santa-ana-home-for-rent/7228648245.html,Home for rent,"$1,800"
https://orangecounty.craigslist.org/apa/d/la-palma-fantastic-bedroom-cypress-home/7228634613.html,Fantastic 2 Bedroom Cypress Home For Lease!,"$2,295"
https://orangecounty.craigslist.org/apa/d/irvine-stunning-proposal-bedroom-for/7228534105.html,STUNNING PROPOSAL.! 3 Bedroom FOR LEASE,$632
https://orangecounty.craigslist.org/apa/d/cerritos-bed-bath-beautiful-home/7225137666.html,3 Bed 2 bath Beautiful home,"$3,200"
https://orangecounty.craigslist.org/apa/d/anaheim-nice-upgraded-1br-1ba-guest/7225484521.html,Nice Upgraded 1BR/1BA Guest House Include Utilities,"$1,500"
https://orangecounty.craigslist.org/apa/d/orange-newly-updated-bedroom-bath-home/7228583029.html,Newly updated 2 bedroom 1 bath home in the heart of Orange,"$2,000"
https://orangecounty.craigslist.org/apa/d/dana-point-free-list-dana-point-rentals/7219526902.html,FREE LIST - Dana Point Rentals,"$2,500"
https://orangecounty.craigslist.org/apa/d/newport-beach-bed-35-bath-large-newport/7218393389.html,4 Bed/3.5 Bath LARGE Newport Beach Home Ocean View,"$6,950"
https://orangecounty.craigslist.org/apa/d/santa-ana-all-the-comforts-of-home-1br/7225535770.html,All the comforts of Home  1br house  fireplace,"$1,950"
https://orangecounty.craigslist.org/apa/d/irvine-we-welcoming-your-family-to-our/7228480281.html,We welcoming your family to our new house.8-SQ.FT Ceiling!,$515
https://orangecounty.craigslist.org/apa/d/orange-orange-have-stunning-4br-for-rent/7224813996.html,Orange have a Stunning 4br for Rent,"$3,800"
https://orangecounty.craigslist.org/apa/d/santa-ana-four-bedroom-house-with-garage/7228458409.html,Four bedroom house with garage,"$2,900"
https://orangecounty.craigslist.org/apa/d/tustin-four-bedroom-house-with-hot-pool/7228443651.html,Four bedroom house with hot pool,"$4,100"
https://orangecounty.craigslist.org/apa/d/newport-beach-stop-paying-rent-and-buy/7220924508.html,Stop Paying Rent and Buy Now,"$1,800"
https://orangecounty.craigslist.org/apa/d/irvine-three-room-two-toilet-balcony9/7228410210.html,"THREE ROOM, TWO TOILET Balcony,9-SF Ceiling",$551
https://orangecounty.craigslist.org/apa/d/irvine-amazing-bedroom3-ba1250sqft/7228410056.html,"AMAZING!! 2 Bedroom,3 BA,1250SQ.FT",$535
https://orangecounty.craigslist.org/apa/d/orange-beautiful-single-story-home-on/7217737773.html,Beautiful Single-Story Home on Large 10k sqft corner lot in Cul de Sac,"$1,590"
https://orangecounty.craigslist.org/apa/d/irvine-beautiful-home-at-convenient/7221570244.html,Beautiful Home at a Convenient Place! Dial!!!,$621
https://orangecounty.craigslist.org/apa/d/long-beach-casita-in-bedroom-bathroom/7228390713.html,Casita in 3 bedroom 2 bathroom house,"$1,350"
https://orangecounty.craigslist.org/apa/d/foothill-ranch-charming-townhouse-ready/7222680897.html,Charming Townhouse ready to move to be now 4-5BEDROOM 1BATHROOM,$560
https://orangecounty.craigslist.org/apa/d/foothill-ranch-sweet-family-home/7222645543.html,Sweet Family home available for lease CHEAP 2BDRM 1BATH,$650
https://orangecounty.craigslist.org/apa/d/anaheim-4bd-home-perf-location-flexible/7228334934.html,"4bd home - perf location, flexible lease, washer & dryer + central A/C","$2,450"
https://orangecounty.craigslist.org/apa/d/laguna-beach-ocean-view-victoria-beach/7228281428.html,OCEAN VIEW Victoria Beach BEAUTY,"$5,500"
https://orangecounty.craigslist.org/apa/d/foothill-ranch-master-bedroom/7228246566.html,Master bedroom,"$1,400"
https://orangecounty.craigslist.org/apa/d/la-quinta-epic-saltwater-pebble-tec/7228252609.html,Epic Saltwater Pebble Tec Pool Home Lower Cove,"$5,500"
https://orangecounty.craigslist.org/apa/d/yorba-linda-single-story-home-in-the/7228134027.html,@@*****single story home in the community of Yorba Linda!!!,"$1,300"
https://orangecounty.craigslist.org/apa/d/buena-park-dont-miss-out-on-this-move/7228094192.html,Don't miss out on this move-in ready home.,"$1,279"
https://orangecounty.craigslist.org/apa/d/laguna-niguel-must-see-large-pool-home/7228115271.html,"MUST SEE, Large Pool Home. Totally Remodeled","$4,350"
https://orangecounty.craigslist.org/apa/d/dana-point-ride-the-waves-at-your/7228112799.html,Ride The Waves At Your Leasure,"$4,495"
https://orangecounty.craigslist.org/apa/d/laguna-niguel-majestic-pacific-ocean/7228099070.html,Majestic Pacific Ocean Views,"$5,200"
https://orangecounty.craigslist.org/apa/d/santa-ana-private-entrance-cul-de-sac/7225944674.html,"Private entrance, Cul-de-sac location","$1,300"
https://orangecounty.craigslist.org/apa/d/santa-ana-private-entry-cul-de-sac-home/7224298755.html,"Private Entry, Cul-de-sac home","$1,300"
https://orangecounty.craigslist.org/apa/d/laguna-beach-new-executive-home-3bd/7223587246.html,New Executive Home - 3Bd/3.5Ba - 1 Month+,"$15,000"
https://orangecounty.craigslist.org/apa/d/orange-cute-bedroom-15-bathrooms-single/7227968863.html,"Cute 3 bedroom, 1.5 bathrooms, single-family home",$601
https://orangecounty.craigslist.org/apa/d/brea-historic-brea-home-available-now/7214562449.html,Historic Brea Home- Available Now!,"$2,300"
https://orangecounty.craigslist.org/apa/d/lake-forest-lake-forest-irvine-private/7227960776.html,LAKE FOREST/IRVINE--PRIVATE ROOM-FURNISHED-REMODELED,$960
https://orangecounty.craigslist.org/apa/d/anaheim-bedroom-bathrooms-nicely/7223126333.html,3 bedroom 2 bathrooms Nicely remodeled,"$1,160"
https://orangecounty.craigslist.org/apa/d/anaheim-spacious-home-in-anaheim-hills/7225846548.html,Spacious Home in Anaheim Hills (941 S Amherst Cir),"$3,150"
https://orangecounty.craigslist.org/apa/d/los-alamitos-beautifully-refreshed/7217754079.html,Beautifully Refreshed Spacious Home (3601 Thor Ave),"$4,000"
https://orangecounty.craigslist.org/apa/d/garden-grove-house-for-rent-with-cars/7227822640.html,HOUSE FOR RENT WITH 2 CARS GARAGE NEWLY BUILD,"$2,600"
https://orangecounty.craigslist.org/apa/d/tustin-unique-opportunity-to-own-2007/7227807393.html,A unique opportunity to own a 2007 built home in Tustin with no HOA a,"$2,500"
https://orangecounty.craigslist.org/apa/d/garden-grove-large-studio-private/7227773928.html,Large Studio private entrance and bathroom,"$1,800"
https://orangecounty.craigslist.org/apa/d/buena-park-nha-cho-thue-dep-yen-tinh/7227726816.html,"Nha cho Thue - Dep, Yen tinh","$2,800"
https://orangecounty.craigslist.org/apa/d/buena-park-newly-remodel-bed-bath-large/7223112661.html,@@@newly remodel 1 bed/1 bath large family room,"$1,700"
https://orangecounty.craigslist.org/apa/d/san-clemente-san-clemente-house-near/7215821348.html,SAN CLEMENTE HOUSE NEAR PIER BOWL,"$2,900"
https://orangecounty.craigslist.org/apa/d/placentia-for-rent-beautiful-bdrm/7224075454.html,For rent: Beautiful 4 bdrm single story home,"$3,500"
https://orangecounty.craigslist.org/apa/d/laguna-niguel-stunning-single-story/7227678430.html,Stunning Single Story,"$4,500"
https://orangecounty.craigslist.org/apa/d/dana-point-exceptional-opportunity-in/7227673704.html,Exceptional Opportunity In Dana Point,"$3,900"
https://orangecounty.craigslist.org/apa/d/san-juan-capistrano-exceptional/7227673395.html,Exceptional Opportunity In San Juan Capistrano,"$7,500"
https://orangecounty.craigslist.org/apa/d/dana-point-exceptional-opportunity-in/7227672773.html,Exceptional Opportunity In Laguna Niguel,"$6,000"
https://orangecounty.craigslist.org/apa/d/dana-point-dana-point-4br-2ba-remodeled/7227580913.html,Dana Point 4BR 2BA remodeled 2019,"$4,060"
https://orangecounty.craigslist.org/apa/d/cypress-bedroom-bath-house/7227539781.html,3 Bedroom 2 Bath House,"$3,000"
https://orangecounty.craigslist.org/apa/d/anaheim-anaheim-1bd-1ba-guest-house/7225892691.html,Anaheim 1BD/1BA Guest House utilities covered,"$1,500"
https://orangecounty.craigslist.org/apa/d/san-clemente-this-definitely-an/7227487728.html,This definitely an entertaining home,"$6,515"
https://orangecounty.craigslist.org/apa/d/irvine-move-in-ready-home/7227408212.html,Move-in ready home,"$3,665"
https://orangecounty.craigslist.org/apa/d/irvine-come-and-make-this-spacious/7227398704.html,Come and make this spacious house your home.,"$3,115"
https://orangecounty.craigslist.org/apa/d/irvine-bedroom-bath-nicely-remodeled/7225208182.html,3 bedroom 2 bath Nicely remodeled Modernized,"$1,250"
https://orangecounty.craigslist.org/apa/d/surfside-one-to-two-bedroom-apartment/7227296174.html,One to two bedroom apartment wanted,"$1,200"
https://orangecounty.craigslist.org/apa/d/irvine-irvine-woodbury-detached-bed/7215356736.html,"Irvine - Woodbury-*Detached* 1 Bed down, built in BBQ, Huge master bed","$3,800"
https://orangecounty.craigslist.org/apa/d/the-bluffs-remodeled-gourmet-kitchen/7227218313.html,The Bluffs-Remodeled-Gourmet Kitchen,"$6,000"
https://orangecounty.craigslist.org/apa/d/anaheim-buy-home-today-call-today/7227097941.html,Buy a home today. Call today.,"$2,200"
https://orangecounty.craigslist.org/apa/d/anaheim-stop-renting-buy-home-call-today/7227097430.html,Stop renting. Buy a home. Call today.,"$2,200"
https://orangecounty.craigslist.org/apa/d/anaheim-thinking-of-buying-home-call/7227097315.html,Thinking of buying a home? Call today.,"$2,200"
https://orangecounty.craigslist.org/apa/d/anaheim-thinking-of-buying-home-first/7227006374.html,Thinking of buying a home? First time buyers okay. Call today.,"$2,200"
https://orangecounty.craigslist.org/apa/d/costa-mesa-quiet-bd-ba-house-in-mesa/7223555449.html,"A quiet 3 Bd / 2 Ba House in Mesa Verde, remodeled, Solar Panels & AC","$3,800"
https://orangecounty.craigslist.org/apa/d/laguna-niguel-beautiful-huge-home-ready/7226926182.html,Beautiful huge home ready for lease!,"$3,515"
https://orangecounty.craigslist.org/apa/d/trabuco-canyon-secured-place-to-reside/7226921883.html,A secured place to reside.,"$4,015"
https://orangecounty.craigslist.org/apa/d/orange-private-one-bedroom-open-concept/7216445135.html,"Private One-Bedroom Open-Concept ""apartment"" Unit $1650/mo.","$1,650"
https://orangecounty.craigslist.org/apa/d/anaheim-bed-bath-sunkist-anaheim-house/7226816788.html,2 bed 1 bath Sunkist Anaheim house for rent,"$2,100"
https://orangecounty.craigslist.org/apa/d/costa-mesa-mens-sober-living/7215746173.html,Men's Sober Living,$250
https://orangecounty.craigslist.org/apa/d/westminster-nice-cozy-home/7226750486.html,NICE COZY HOME,"$2,800"
https://orangecounty.craigslist.org/apa/d/santa-ana-1br-191ft2-victorian-bedroom/7223077358.html,"1br - 191ft2 - Victorian Bedroom apartment, Spacious, Historic",$962
https://orangecounty.craigslist.org/apa/d/anaheim-large-space-for-carport-walk/7226637142.html,"Large space for carport. walk away to refreshing attractions, best to","$3,230"
https://orangecounty.craigslist.org/apa/d/huntington-beach-beautiful-story-home/7226610131.html,Beautiful 2 Story Home in Highly Desirable Huntington Beach,"$3,795"
https://orangecounty.craigslist.org/apa/d/orange-newly-rennovated-2bed-in-great/7226611954.html,Newly rennovated 2bed in great neighborhood,"$2,750"
https://orangecounty.craigslist.org/apa/d/laguna-beach-165-fairview/7217944319.html,165 FAIRVIEW,"$2,500"
https://orangecounty.craigslist.org/apa/d/santa-ana-335-beverly-place/7226554680.html,335 Beverly Place,"$2,395"
https://orangecounty.craigslist.org/apa/d/newport-beach-beautiful-bedroom/7216681795.html,Beautiful 3 Bedroom 2 Bathroom second floor beachfront home,"$6,000"
https://orangecounty.craigslist.org/apa/d/newport-beach-fantastic-neighborhood/7226423569.html,"Fantastic neighborhood! Great 2 bed, 2 bath, 1200 Sq Ft!","$2,525"
https://orangecounty.craigslist.org/apa/d/newport-beach-beautiful-upgrades-fully/7226426587.html,Beautiful upgrades! Fully renovated 1200 sq ft 2 bed / 2 bath!,"$2,525"
https://orangecounty.craigslist.org/apa/d/tustin-private-bedroom-studio-private/7219906534.html,Private 1 bedroom studio private bath,"$1,250"
https://orangecounty.craigslist.org/apa/d/garden-grove-garden-grove-for-rent/7226233380.html,GARDEN GROVE FOR RENT,$650
https://orangecounty.craigslist.org/apa/d/orange-beautifully-made-home-you-will/7226197025.html,Beautifully made home you will surely love!,"$5,370"
https://orangecounty.craigslist.org/apa/d/newport-beach-need-more-space-schedule/7226144791.html,"Need more space? Schedule a tour of your new 2 bed, 2 bath today!","$2,525"
https://orangecounty.craigslist.org/apa/d/orange-free-private-room-in-exchange/7226171519.html,Free private Room in exchange for work on small ranch,$1
https://orangecounty.craigslist.org/apa/d/newport-beach-check-us-out-great-bd-ba/7226145668.html,Check us out! Great 2 BD / 2 BA by public transportation. 1200 SqFt!,"$2,525"
https://orangecounty.craigslist.org/apa/d/westminster-two-story-home-in/7226030358.html,Two Story Home in Westminster,"$3,750"
https://orangecounty.craigslist.org/apa/d/orange-newly-renovated-cottage-house-in/7226047304.html,Newly Renovated Cottage House in Old Towne Orange,"$2,495"
https://orangecounty.craigslist.org/apa/d/los-alamitos-private-2bd-1ba-triplex/7218119035.html,"Private 2bd 1ba Triplex House w/small yard, carport and Lndry hkup","$2,050"
https://orangecounty.craigslist.org/apa/d/los-alamitos-great-bed-triplex-house/7209402845.html,Great 2 bed triplex House w/yard and hookups,"$2,050"
https://orangecounty.craigslist.org/apa/d/orange-newly-renovated-2br-1ba-cottage/7212916382.html,Newly Renovated 2BR/1BA Cottage House in Old Towne Orange,"$2,495"
https://orangecounty.craigslist.org/apa/d/anaheim-bedroom-25-bath-spectacular/7225913156.html,"3 Bedroom, 2.5 Bath Spectacular Home . Walk to DL!","$2,700"
https://orangecounty.craigslist.org/apa/d/irvine-private-bedroom-for-rent/7223761462.html,Private Bedroom for Rent - Utilities included - Irvine,$920
https://orangecounty.craigslist.org/apa/d/irvine-private-large-bedroom-for-rent/7223761175.html,Private Large Bedroom for Rent - Utilities included,$950
https://orangecounty.craigslist.org/apa/d/newport-beach-fraud-3br-house-bedrooms/7225711194.html,"FRAUD-3br-House, 3 Bedrooms, 2.5 Baths All Utilities Included/Garage",$0
https://orangecounty.craigslist.org/apa/d/san-juan-capistrano-private-one-bedroom/7225686975.html,"Private, One Bedroom ‚ÄòStudio Apartment‚Äô in home $1600/month","$1,600"
https://orangecounty.craigslist.org/apa/d/fourchu-beautiful-rear-house-2bd-1ba/7225623503.html,"Beautiful Rear House 2bd 1ba patio, 1 car garage","$2,350"
https://orangecounty.craigslist.org/apa/d/los-alamitos-great-private-middle-house/7225624353.html,"Great private middle house w/yard, lndry hkups and carport","$2,050"
https://orangecounty.craigslist.org/apa/d/fullerton-adorable-bedroom-bath-home/7225614314.html,Adorable 3 Bedroom 2 Bath Home,"$2,100"
https://orangecounty.craigslist.org/apa/d/laguna-beach-must-see-welcome-to/7225598523.html,MUST SEE! Welcome to Seacroft - an ultra-charming,"$3,600"
https://orangecounty.craigslist.org/apa/d/seal-beach-impeccable-bdrm-274-ba/7225605068.html,"Impeccable 3 Bdrm, 2.74 Ba, 2100sf home, 2-story - Rent to own -","$2,800"
https://orangecounty.craigslist.org/apa/d/irvine-4bedroom-townhouse-in-eastwood/7225564925.html,4Bedroom Townhouse in Eastwood,"$3,950"
https://orangecounty.craigslist.org/apa/d/newport-beach-home-for-rent-overlooking/7218580389.html,Home for Rent!! Overlooking the Back Bay!!,"$6,500"
https://orangecounty.craigslist.org/apa/d/irvine-renovated-bedroom-furnished-with/7212496929.html,Renovated bedroom Furnished with fresh update,$645
https://orangecounty.craigslist.org/apa/d/newport-beach-gorgeous-story-home/7218649225.html,Gorgeous 2 story home!,"$6,500"
https://orangecounty.craigslist.org/apa/d/newport-beach-spectacular-story-home/7218585635.html,Spectacular 2 story home with a view!,"$6,500"
https://orangecounty.craigslist.org/apa/d/mission-viejo-friendly-neighborhood/7225539123.html,"Friendly neighborhood. Easy access to your basic needs like shops, par","$3,830"
https://orangecounty.craigslist.org/apa/d/laguna-beach-private-studio-apartment/7223970808.html,Private Studio Apartment in Beautiful Laguna Beach,"$2,200"
https://orangecounty.craigslist.org/apa/d/irvine-light-and-bright-bedroom-25-bath/7225386313.html,Light and bright 3 bedroom 2.5 bath townhome,"$2,950"
https://orangecounty.craigslist.org/apa/d/orange-bed-bath-walking-distance-to/7225360649.html,4 bed 3 bath walking distance to Chapman University,"$4,500"
https://orangecounty.craigslist.org/apa/d/orange-spacious-bedrooms-bath-in-orange/7221735965.html,‚•é Spacious 2 Bedrooms 1 Bath in Orange ‚•é,"$1,950"
https://orangecounty.craigslist.org/apa/d/orange-make-this-beautiful-house-your/7221728429.html,‚òû‚òû Make This Beautiful House Your New Home,"$2,500"
https://orangecounty.craigslist.org/apa/d/el-toro-large-6000sqft-equestrian/7225161603.html,"LARGE 6,000sqft. Equestrian Estate - Professional Individuals***","$1,600"
https://orangecounty.craigslist.org/apa/d/fullerton-single-story-home-with/7225105088.html,Single story home with a sparkling pool,"$1,500"
https://orangecounty.craigslist.org/apa/d/anaheim-1750-sq-ft-lovely-family-home/7225066253.html,1750 sq. ft. lovely family home,"$2,600"
https://orangecounty.craigslist.org/apa/d/aliso-viejo-room-for-rent-available/7222247004.html,Room for rent available.,$800
https://orangecounty.craigslist.org/apa/d/irvine-beautiful-spacious-home-wood/7208820617.html,Beautiful Spacious Home w/ Wood Floors Throughout and Upgrades!!!,"$4,500"
https://orangecounty.craigslist.org/apa/d/irvine-beautiful-home-wood-floors/7208827519.html,Beautiful Home w/ Wood Floors Throughout and Fridge Included!!,"$3,400"
https://orangecounty.craigslist.org/apa/d/irvine-spacious-upgraded-home-in/7208814709.html,Spacious Upgraded Home in Uniquely Nice Private Area!!!,"$3,600"
https://orangecounty.craigslist.org/apa/d/orange-beautiful-renovated-move-in/7224973452.html,Beautiful Renovated Move In Ready home.,$580
https://orangecounty.craigslist.org/apa/d/dana-point-few-blocks-away-to-awesome/7225001191.html,Few blocks away to awesome coastal view Safe Clean peaceful community.,"$5,780"
https://orangecounty.craigslist.org/apa/d/foothill-ranch-single-family-house-with/7224973482.html,Single Family house with 4 suites and a loft,"$3,800"
https://orangecounty.craigslist.org/apa/d/irvine-wanted-small-house-yard-gargage/7224929616.html,"Wanted: Small House w/Yard, Gargage (attached or not)","$2,100"
https://orangecounty.craigslist.org/apa/d/ladera-ranch-wonderful-opportunity-to/7221905131.html,"Wonderful opportunity to live in this popular floor plan, located in a","$3,000"
https://orangecounty.craigslist.org/apa/d/hemet-beautiful-guest-house/7212628868.html,BEAUTIFUL GUEST HOUSE,"$1,195"
https://orangecounty.craigslist.org/apa/d/irvine-highly-upgraded-brand-new-single/7224673008.html,"Highly Upgraded Brand New Single Family Residence, in","$4,100"
https://orangecounty.craigslist.org/apa/d/placentia-studio-for-rent/7224626542.html,Studio For Rent,"$1,200"
https://orangecounty.craigslist.org/apa/d/fourchu-new-low-pricebeautiful-rear/7216972605.html,"NEW LOW PRICE!Beautiful Rear House 2bd 1ba patio, 1 car garage","$2,350"
https://orangecounty.craigslist.org/apa/d/placentia-story-custom-home-gated/7224499859.html,2 Story Custom Home - Gated Community,"$3,970"
https://orangecounty.craigslist.org/apa/d/newport-beach-24th-st-oceanside-newport/7224494372.html,"24th St., Oceanside Newport Beach Penthouse Unit for Rent!","$5,500"
https://orangecounty.craigslist.org/apa/d/irvine-tyler-place/7216350589.html,2 Tyler Place,"$4,200"
https://orangecounty.craigslist.org/apa/d/irvine-mature-professional-couple/7224389875.html,Mature professional couple looking for house,"$3,000"
https://orangecounty.craigslist.org/apa/d/garden-grove-conveniently-located-near/7221653494.html,"Conveniently located near shopping centers, restaurants and freeways !","$1,100"
https://orangecounty.craigslist.org/apa/d/foothill-ranch-bedroom-house-in-irvine/7223991855.html,3 bedroom House in Irvine,"$3,050"
https://orangecounty.craigslist.org/apa/d/lake-forest-room-for-rent-cuarto/7223880676.html,Room for Rent/ Cuarto Disponible for $800,$800
https://orangecounty.craigslist.org/apa/d/huntington-beach-reside-in-this/7223818634.html,Reside in this prestigious home available for lease.,"$6,015"
https://orangecounty.craigslist.org/apa/d/tustin-get-ready-because-this-beautiful/7223762033.html,Get ready because this beautiful will be available,"$3,215"
https://orangecounty.craigslist.org/apa/d/san-clemente-available-immediately-is/7223758247.html,Available immediately is this gorgeous house with amazing views,"$4,915"
https://orangecounty.craigslist.org/apa/d/san-clemente-free-list-san-clemente/7208820867.html,FREE LIST - San Clemente Rentals,"$2,500"
https://orangecounty.craigslist.org/apa/d/westminster-furnished-private-guest/7223637222.html,Furnished Private Guest House for rent,"$1,200"
https://orangecounty.craigslist.org/apa/d/costa-mesa-charming-eastside-costa-mesa/7223573555.html,Charming Eastside Costa Mesa Cottage With Yard,"$3,600"
https://orangecounty.craigslist.org/apa/d/long-beach-halfway-to-los-angeles-or-oc/7223556111.html,Halfway to Los Angeles or  OC - LB 2 BR PLUS OFFICE (Separate)  House,"$3,600"
https://orangecounty.craigslist.org/apa/d/hawaiian-gardens-bedroom-bathroom-house/7223345713.html,2 Bedroom 1 Bathroom House 1995.00,"$1,995"
https://orangecounty.craigslist.org/apa/d/fullerton-detached-3bd-2ba-2car-garage/7223292582.html,Fullerton detached 3bd 2ba 2car garage,"$2,525"
https://orangecounty.craigslist.org/apa/d/irvine-pet-friendly-home-available-for/7223217102.html,Pet friendly home available for lease in this amazing city,"$3,265"
https://orangecounty.craigslist.org/apa/d/newport-coast-upgraded-to-perfection/7223218242.html,Upgraded to perfection,"$6,815"
https://orangecounty.craigslist.org/apa/d/whittier-california-ranch-style-home/7211743673.html,"California Ranch Style Home with Huge Yard, 3 bed, 2 bath","$3,650"
https://orangecounty.craigslist.org/apa/d/anaheim-own-this-bed-bath-home-with/7223025253.html,**Own This 3 Bed 2 Bath Home With LITTLE Money Down**,$0
https://orangecounty.craigslist.org/apa/d/irvine-single-story-4br-2ba-home-on-cul/7222970676.html,Single Story 4BR 2BA Home on Cul-De-Sac,"$3,100"
https://orangecounty.craigslist.org/apa/d/newport-beach-spectacular-views-with/7206902087.html,Spectacular views with this gorgeous house for rent,"$6,500"
https://orangecounty.craigslist.org/apa/d/newport-beach-two-story-house-with/7206964085.html,Two story house with amazing view of the back bay,"$6,500"
https://orangecounty.craigslist.org/apa/d/newport-beach-gorgeous-two-story-house/7206525730.html,Gorgeous two story house with amazing view of the back bay,"$6,500"
https://orangecounty.craigslist.org/apa/d/newport-beach-gorgeous-two-story-house/7206514952.html,Gorgeous two story house with amazing view,"$6,500"
https://orangecounty.craigslist.org/apa/d/newport-beach-beautiful-two-story-house/7206511171.html,Beautiful two story house for rent,"$6,500"
https://orangecounty.craigslist.org/apa/d/santa-ana-nod-not-sure-what-your/7222806861.html,NOD not sure what your options are? Call me!,$0
https://orangecounty.craigslist.org/apa/d/quite-the-cabin-in-mountains-make/7222772747.html,Quite the cabin in mountains!  Make yourself at home at this,$800
https://orangecounty.craigslist.org/apa/d/newport-beach-looking-for-the-ideal-bed/7222732291.html,Looking for the ideal 2 bed / 2 bath? Check out Fairway Villas Apartme,"$2,525"
https://orangecounty.craigslist.org/apa/d/anaheim-lovely-anaheim-pool-home-mile/7222327801.html,Lovely Anaheim Pool Home 1 Mile to Disney,"$3,100"
https://orangecounty.craigslist.org/apa/d/costa-mesa-peaceful-community/7222378077.html,"Peaceful community, accessible, and spacious. Provides homey & chill v","$3,905"
https://orangecounty.craigslist.org/apa/d/aliso-viejo-safely-enclosed-carport/7222371292.html,"Safely enclosed carport, Superb home with tons of great opportunity..","$3,130"
https://orangecounty.craigslist.org/apa/d/irvine-bedroom-home-in-irvine/7222359180.html,4 Bedroom Home in Irvine,"$3,595"
https://orangecounty.craigslist.org/apa/d/newport-beach-amazing-amenities-can-be/7222306803.html,"Amazing amenities can be yours at Fairway Villas Apartments! 2 bed, 2","$2,525"
https://orangecounty.craigslist.org/apa/d/irvine-beautiful-deerfield-3bd-home-in/7222230087.html,"Beautiful, Deerfield 3BD Home in Irvine - AVAILABLE FOR RENT!!","$1,900"
https://orangecounty.craigslist.org/apa/d/orange-beautiful-craftsman-in-historic/7205943416.html,Beautiful Craftsman in Historic Old Town Orange,"$2,895"
https://orangecounty.craigslist.org/apa/d/santa-ana-all-the-comforts-of-home/7222031596.html,All the Comforts of Home,"$1,950"
https://orangecounty.craigslist.org/apa/d/tustin-guest-house-for-rent-new/7221902552.html,Guest house for rent - New Construction,"$2,400"
https://orangecounty.craigslist.org/apa/d/ladera-ranch-new-interior-exterior/7221824585.html,"new interior, exterior paint, newly refinished hardwood floors","$3,025"
https://orangecounty.craigslist.org/apa/d/newport-beach-house-with-fabulous-views/7204522068.html,House with fabulous views overlooking the back bay,"$6,500"
https://orangecounty.craigslist.org/apa/d/costa-mesa-amazing-bed-bath-home-costa/7221574373.html,Amazing 3 bed/2 bath Home Costa Mesa,"$3,400"
https://orangecounty.craigslist.org/apa/d/irvine-lowest-priced-bedroom-bathroom/7221564250.html,Lowest priced 3 bedroom 2 bathroom single level single family home in,"$3,000"
https://orangecounty.craigslist.org/apa/d/newport-beach-cute-cottage-with-yard/7221146937.html,Cute Cottage with Yard,"$3,000"
https://orangecounty.craigslist.org/apa/d/newport-beach-beautiful-two-story-house/7205393751.html,Beautiful two story house with amazing view,"$6,500"
https://orangecounty.craigslist.org/apa/d/newport-beach-house-with-gorgeous-views/7205740876.html,House with Gorgeous views overlooking back bay,"$6,500"
https://orangecounty.craigslist.org/apa/d/newport-beach-you-have-to-see-us-to/7221098887.html,"You have to see us to believe us! Beautiful 2 bed, 2 bath, 1200 SqFt","$2,525"
https://orangecounty.craigslist.org/apa/d/orange-4b-house-for-rent-in-orange/7220937500.html,4b House for rent in Orange,"$4,900"
https://orangecounty.craigslist.org/apa/d/westminster-cozy-br-guesthouse-near/7213287362.html,"Cozy 2 BR Guesthouse near Disney & Little Saigon, $550/wk or $2000/mth","$2,000"
https://orangecounty.craigslist.org/apa/d/whittier-calif-ranch-style-bed-bath/7211312557.html,"Calif Ranch Style 3 bed 2 bath home, + Den,  huge yard, Garage, AC and","$3,650"
https://orangecounty.craigslist.org/apa/d/westminster-cozy-br-guesthouse-near/7217572408.html,"Cozy 2 BR Guesthouse near Disney & Little Saigon, $550/wk or $2000/mth","$1,999"
https://orangecounty.craigslist.org/apa/d/westminster-cozy-br-guesthouse-near/7213286109.html,"Cozy 2 BR Guesthouse near Disney & Little Saigon, $500/wk or $1900/mth","$1,900"
https://orangecounty.craigslist.org/apa/d/lake-forest-home-for-rent/7220790140.html,home for rent,"$2,950"
https://orangecounty.craigslist.org/apa/d/costa-mesa-charming-bed-bath-office-in/7220703858.html,Charming 3 bed / 2 bath + office in Dover Shores,"$8,500"
https://orangecounty.craigslist.org/apa/d/westminster-beautiful-br-home-in/7220603840.html,Beautiful 3 BR Home in Westminster !,"$2,650"
https://orangecounty.craigslist.org/apa/d/garden-grove-desirable-single-family/7206010887.html,Desirable single-family home located in beautiful historical Anaheim,"$3,795"
https://orangecounty.craigslist.org/apa/d/westminster-beautiful-newly-built-three/7204710772.html,"Beautiful newly built three bedroom, two and half bath home","$3,750"
https://orangecounty.craigslist.org/apa/d/stanton-beautiful-bedroom-house-in/7220393626.html,Beautiful 2 bedroom house in Stanton NW,"$2,300"
https://orangecounty.craigslist.org/apa/d/laguna-beach-studio-in-vintage-laguna/7220373636.html,Studio in Vintage Laguna Beach House,"$1,950"
https://orangecounty.craigslist.org/apa/d/newport-beach-5bd-4ba-beach-house/7203426614.html,5bd/4ba Beach house,"$1,375"
https://orangecounty.craigslist.org/apa/d/irvine-big-bedroom-avail-with-fresh/7206857264.html,Big bedroom avail with fresh update,$576
https://orangecounty.craigslist.org/apa/d/tustin-bedroom-single-family-home-in/7220272728.html,3 Bedroom Single Family Home in Gated Community,"$3,600"
https://orangecounty.craigslist.org/apa/d/huntington-beach-live-close-to-the/7220051234.html,Live close to the beach at the same time close to the city's comforts.,"$6,415"
https://orangecounty.craigslist.org/apa/d/anaheim-welcome-to-this-beautifully/7219976389.html,Welcome to this beautifully renovated home.,"$3,415"
https://orangecounty.craigslist.org/apa/d/laguna-niguel-gorgeous-house-on-big-lot/7219884928.html,"Gorgeous house on a big lot, with one of  best yards!","$4,310"
https://orangecounty.craigslist.org/apa/d/san-clemente-the-gated-front-yard/7219775174.html,"The gated front yard creates an impressive entrance for guest, setting","$3,600"
https://orangecounty.craigslist.org/apa/d/newport-beach-back-bay-house/7203676108.html,Back Bay House,"$2,395"
https://orangecounty.craigslist.org/apa/d/ladera-ranch-feel-relaxed-in-residing/7219518591.html,Feel relaxed in residing in this home offering you privacy and comfort,"$3,315"
https://orangecounty.craigslist.org/apa/d/irvine-bedroom-bath-remodeled-home-in/7216459448.html,4 bedroom/3 bath remodeled home in University Park,"$4,500"
https://orangecounty.craigslist.org/apa/d/anaheim-bdr-bath-lovely-anaheim-mid/7215651425.html,4 bdr/3 bath Lovely Anaheim Mid-Century Home w/Pool Short or Long Term,$145
https://orangecounty.craigslist.org/apa/d/costa-mesa-responsible-family-moving-to/7219093859.html,Responsible Family Moving to CA,"$2,000"
https://orangecounty.craigslist.org/apa/d/irvine-excellent-charming-15-bedrm/7205017042.html,Excellent Charming 1.5 Bedrm / 2 BTHRM JUST GOT RENEWED LIVING ROOM,$630
https://orangecounty.craigslist.org/apa/d/westminster-studio-for-rent-free-wifi/7218759484.html,"Studio For Rent - Free WiFi, Water & Power","$1,200"
https://orangecounty.craigslist.org/apa/d/laguna-beach-come-home-to-this/7218757305.html,Come home to this wonderful lease available today!,"$5,220"
https://orangecounty.craigslist.org/apa/d/huntington-beach-newer-545-in-gated/7218726144.html,Newer 5+4.5 in gated community,"$6,500"
https://orangecounty.craigslist.org/apa/d/newport-beach-3bd-beachfront-house/7203427149.html,3bd Beachfront House,"$4,900"
https://orangecounty.craigslist.org/apa/d/newport-beach-rent-an-amazing-bed-bath/7218534914.html,Rent an amazing 2 bed 2 bath ‚Äì Close to transit and bus lines!,"$2,525"
https://orangecounty.craigslist.org/apa/d/newport-beach-spacious-and-extensively/7218533760.html,"Spacious and extensively upgraded 2 bed, 2 bath in Newport Beach","$2,525"
https://orangecounty.craigslist.org/apa/d/anaheim-brand-new-remodeled-home-bed/7215429105.html,Brand New (remodeled) home 3 bed 2 bath,"$3,300"
https://orangecounty.craigslist.org/apa/d/irvine-resort-living-in-stunning-4bd/7218510373.html,Resort Living in Stunning 4bd with 1st Month FREE,"$3,950"
https://orangecounty.craigslist.org/apa/d/irvine-just-open-to-see-your-renewed/7204514159.html,Just open to see your renewed family home! NEW Patio,$620
https://orangecounty.craigslist.org/apa/d/mission-viejo-furnished-modern-spacious/7214188807.html,"Furnished, Modern, Spacious Guest House with High Ceiling","$1,490"
https://orangecounty.craigslist.org/apa/d/trabuco-canyon-beautiful-dove-canyon/7218112617.html,Beautiful Dove Canyon pool & view home,"$4,900"
https://orangecounty.craigslist.org/apa/d/newport-beach-bed-bath-car-garage-off/7201242643.html,"4-bed, 4-bath, 4 car garage 1 off the sand Newport","$7,500"
https://orangecounty.craigslist.org/apa/d/irvine-looking-for-small-house-2-bdr/7217983199.html,Looking for Small House (1-2 bdr) w/ Garage!,$0
https://orangecounty.craigslist.org/apa/d/newport-beach-pet-friendly-community-we/7217964128.html,Pet Friendly Community! We welcome your furry friends!,"$2,525"
https://orangecounty.craigslist.org/apa/d/san-juan-capistrano-ideally-located-at/7217933732.html,IDEALLY LOCATED AT THE END OF A PRIVATE COURTYARD,"$7,000"
https://orangecounty.craigslist.org/apa/d/fullerton-looking-for-home-for-rent/7217827231.html,Looking for a home for rent,"$1,300"
https://orangecounty.craigslist.org/apa/d/yorba-linda-bdrm-bath-house-right-on-oc/7217651494.html,"3-bdrm, 2-bath house right on OC border","$2,450"
https://orangecounty.craigslist.org/apa/d/irvine-quiet-cul-de-sac-5br-detached/7210248232.html,Quiet Cul-de-Sac 5BR Detached Irvine House Washer Dryer Refrigerator,"$3,700"
https://orangecounty.craigslist.org/apa/d/mission-viejo-4bd1-25-bath-in-cul-de/7208216634.html,4bd+1 / 2.5 Bath in a cul-de-sac with cute backyard for rent,"$3,690"
https://orangecounty.craigslist.org/apa/d/aliso-viejo-bed-bath-single-family/7217557066.html,4 bed 3 bath Single Family 1546sft w/ Fridge,"$3,500"
https://orangecounty.craigslist.org/apa/d/newport-beach-enjoy-easy-access-to/7217373854.html,Enjoy easy access to public transportation at Fairway Villas Apartment,"$2,525"
https://orangecounty.craigslist.org/apa/d/lake-forest-bedroom-baker-ranch-home/7217380725.html,3 Bedroom baker Ranch home,"$4,000"
https://orangecounty.craigslist.org/apa/d/santa-ana-house-for-rent-in-prestigious/7217324573.html,House for rent in prestigious W. Floral Park,"$3,500"
https://orangecounty.craigslist.org/apa/d/fullerton-bedroom-bth-nice-area/7201360560.html,4 bedroom 2 bth Nice area,"$1,200"
https://orangecounty.craigslist.org/apa/d/yorba-linda-br-ft2-bdrm-bath-house/7217093813.html,"$2,450 / 3br - 1232ft2 - 3-bdrm, 2-bath house Green River home right","$2,450"
https://orangecounty.craigslist.org/apa/d/santa-ana-looking-for-family-to-rent/7215448514.html,Looking for Family to Rent,"$3,300"
https://orangecounty.craigslist.org/apa/d/mission-viejo-fully-upgraded-house-for/7217044868.html,Fully Upgraded House for Rent,"$3,500"
https://orangecounty.craigslist.org/apa/d/newport-beach-bedroom-bathroom-house/7217012748.html,4 bedroom 3 bathroom house,"$2,500"
https://orangecounty.craigslist.org/apa/d/costa-mesa-bedroom-bath-house-east-side/7216991610.html,3 Bedroom 1 bath house East Side Costa Mesa,"$2,800"
https://orangecounty.craigslist.org/apa/d/garden-grove-this-area-is-great-for/7208366361.html,This area is great for relaxing or letting little ones and fur babies,"$2,495"
https://orangecounty.craigslist.org/apa/d/laguna-woods-country-club-community-of/7216905659.html,Country Club Community of Glenwood/ Pasadera,"$4,495"
https://orangecounty.craigslist.org/apa/d/newport-coast-dream-home/7212772444.html,DREAM HOME,"$25,000"
https://orangecounty.craigslist.org/apa/d/irvine-beatiful-home/7201017440.html,BEATIFUL HOME,"$5,000"
https://orangecounty.craigslist.org/apa/d/irvine-gorgeous-home/7201012271.html,GORGEOUS HOME,"$5,300"
https://orangecounty.craigslist.org/apa/d/irvine-sparkling-clean-large-2bed-bath/7216510293.html,Sparkling clean large 2bed / 2 bath Woodbridge Irvine single story hou,"$2,350"
https://orangecounty.craigslist.org/apa/d/orange-prestigious-serrano-heights-home/7216486597.html,Prestigious Serrano Heights Home for Rent,"$3,950"
https://orangecounty.craigslist.org/apa/d/huntington-beach-huntington-beach-house/7216215019.html,Huntington Beach house for rent,"$4,500"
https://orangecounty.craigslist.org/apa/d/irvine-this-home-is-perfectly-located/7216073102.html,"This home is perfectly located close to park, plaza, and stores","$3,365"
https://orangecounty.craigslist.org/apa/d/westminster-blessed-bed-home-on-beach/7216016421.html,Blessed 2 bed home on 15621 Beach Blvd Spc 137,"$1,000"
https://orangecounty.craigslist.org/apa/d/anaheim-stop-renting-buy-home-today/7215901716.html,Stop renting. Buy a home today. Call today.,"$2,200"
https://orangecounty.craigslist.org/apa/d/santa-ana-room-for-rent/7215919617.html,Room for rent,$600
https://orangecounty.craigslist.org/apa/d/garden-grove-rent-bedroom-bath-house/7215842421.html,Rent 3 bedroom 2 bath house $2990,"$2,990"
https://orangecounty.craigslist.org/apa/d/huntington-beach-wayfarer-ln-huntington/7215774060.html,"16293 Wayfarer Ln, Huntington Beach","$3,750"
https://orangecounty.craigslist.org/apa/d/trabuco-canyon-amazing-floor-layout/7215691327.html,"Amazing floor layout, cathedral height ceilings, and numerous windows","$5,515"
https://orangecounty.craigslist.org/apa/d/huntington-beach-beautiful-quiet-4bds/7215648445.html,Beautiful & Quiet 4bds/2ba for rent,"$3,400"
https://orangecounty.craigslist.org/apa/d/cypress-dont-have-20k-30k-downpayment/7215443938.html,Don't have $20k-$30k downpayment for a home?  I can help,"$2,494"
https://orangecounty.craigslist.org/apa/d/anaheim-thinking-of-buying-home-buy/7215280680.html,Thinking of buying a home? Buy home. Call today.,"$2,200"
https://orangecounty.craigslist.org/apa/d/anaheim-beautiful-single-house-in/7215277110.html,Beautiful single house in STANTON- 3 bedroom 2 bath! Available now,"$2,995"
https://orangecounty.craigslist.org/apa/d/long-beach-dawson-lane/7198118347.html,15732 Dawson Lane,"$4,095"
https://orangecounty.craigslist.org/apa/d/east-irvine-private-detached-bedroom/7199362720.html,"1 Private Detached Bedroom, 1 full private bathroom  - Available Now!","$1,200"
https://orangecounty.craigslist.org/apa/d/los-alamitos-move-in-special-remodeled/7198003141.html,MOVE IN SPECIAL ~ Remodeled Los Alamitos 3 Bedroom Home,"$2,895"
https://orangecounty.craigslist.org/apa/d/newport-beach-just-stunning-spacious/7214999684.html,"Just stunning! Spacious 2 Bed, 2 bath with lots of light","$2,525"
https://orangecounty.craigslist.org/apa/d/orange-charming-bed-bath-home-located/7197433993.html,Charming 1 bed 1 bath home located in the heart of Orange,"$1,495"
https://orangecounty.craigslist.org/apa/d/lake-forest-meal-prep-and-caretaking/7214847718.html,*Meal Prep and Caretaking Required*,$250
https://orangecounty.craigslist.org/apa/d/orange-everything-you-want-and-more-bed/7214804540.html,"Everything you want and MORE! 2 bed, 2 bath house available!","$1,300"
https://orangecounty.craigslist.org/apa/d/costa-mesa-captivating-home-wonderful/7214703525.html,"Captivating Home, Wonderful Neighborhood!","$7,300"
https://orangecounty.craigslist.org/apa/d/whittier-bedroom-available-in-house/7198921589.html,Bedroom Available in house,$995
https://orangecounty.craigslist.org/apa/d/aliso-viejo-private-gated-community-is/7214627293.html,"Private gated community is this well located end unit three bedroom, 3",$990
https://orangecounty.craigslist.org/apa/d/mission-viejo-casta-del-sol-55-gated/7214577095.html,"Casta del Sol 55+ gated,  den, 2 ba, 2 car","$2,750"
https://orangecounty.craigslist.org/apa/d/villa-park-looking-to-rent-home-6mo/7214292375.html,Looking to rent home 6mo rent up front in hand!!,"$2,500"
https://orangecounty.craigslist.org/apa/d/garden-grove-charming-suite-room/7214128367.html,CHARMING SUITE (ROOM W/ PRIVATE BATH)..  GATED COMMUNITY,$995
https://orangecounty.craigslist.org/apa/d/newport-beach-bedroom-single-story/7213827498.html,2 bedroom single story Villa with backyard,"$2,525"
https://orangecounty.craigslist.org/apa/d/lake-forest-am-looking-to-rent-from-11/7213628549.html,I am looking to rent from 11/1 to 12/11,"$3,750"
https://orangecounty.craigslist.org/apa/d/la-palma-come-home-to-this-magnificent/7213548656.html,Come home to this magnificent lease!,"$3,020"
https://orangecounty.craigslist.org/apa/d/aliso-viejo-very-attractive-and-cozy/7213547475.html,Very attractive and cozy home you'll actually love to dwell in!,"$3,870"
https://orangecounty.craigslist.org/apa/d/dana-point-ideally-perfect-for-you/7213549859.html,Ideally perfect for you family to dwell in plus it's very accessible!,"$4,820"
https://orangecounty.craigslist.org/apa/d/huntington-beach-bright-open-huntington/7213410140.html,Bright & Open Huntington Beach Home for rent,"$3,600"
https://orangecounty.craigslist.org/apa/d/los-alamitos-new-low-price-2bd-1ba/7197445320.html,"New low price 2bd 1ba House w/carport, laundry hkup and yard","$2,050"
https://orangecounty.craigslist.org/apa/d/san-dimas-quiet-bedroom-bathroom-block/7213375094.html,Quiet 1 Bedroom 1 Bathroom; 1 Block away from University of  La Verne,$850
https://orangecounty.craigslist.org/apa/d/corona-del-mar-fully-remodeled-home-in/7213337606.html,Fully Remodeled Home in Corona Del Mar,"$9,000"
https://orangecounty.craigslist.org/apa/d/irvine-university-park-area-of-irvine/7213220519.html,University Park area of Irvine! 2 bedrooms & 2 bath all on one level.,"$2,000"
https://orangecounty.craigslist.org/apa/d/irvine-beautiful-home/7196804822.html,BEAUTIFUL HOME,"$4,575"
https://orangecounty.craigslist.org/apa/d/anaheim-3bed-25bath-pool-house-3500/7212619098.html,3bed/2.5bath Pool House $3500,"$3,500"
https://orangecounty.craigslist.org/apa/d/long-beach-2bedroom-house-in-the-rose/7212425069.html,2BEDROOM HOUSE IN THE ROSE PARK AREA,"$2,300"
https://orangecounty.craigslist.org/apa/d/santa-ana-room-for-rent-in-irvine-ready/7195216065.html,Room for rent in Irvine Ready to move-in Furnished,$900
https://orangecounty.craigslist.org/apa/d/huntington-beach-bed-25-bath-house-for/7212347964.html,3 bed 2.5 bath house for rent,"$3,695"
https://orangecounty.craigslist.org/apa/d/irvine-perfect-dear-b-bath-new-cabinetry/7198389045.html,Perfect Dear 3 B / 2 Bath New Cabinetry,$582
https://orangecounty.craigslist.org/apa/d/bellflower-1bed-ba-lovely-studio-house/7212340615.html,1BED 1 BA LOVELY STUDIO HOUSE AVAILABLE IN BELLFLOWER,"$1,200"
https://orangecounty.craigslist.org/apa/d/lake-forest-beautiful-fully-furnished/7212323215.html,Beautiful Fully Furnished 3 bed plus office and gym Rental 1 month minimum,"$6,000"
https://orangecounty.craigslist.org/apa/d/lake-forest-lake-forest-house/7204417191.html,Lake Forest house,"$3,100"
https://orangecounty.craigslist.org/apa/d/la-habra-beautifully-unique-bed-bath/7200429377.html,Beautifully Unique 2 Bed/1 Bath House for Rent in La Habra Heights,"$2,400"
https://orangecounty.craigslist.org/apa/d/yorba-linda-newly-renovated-family/7211838207.html,Newly renovated family-owned tri-level home,"$4,985"
https://orangecounty.craigslist.org/apa/d/foothill-ranch-this-classic-home-is-now/7211691725.html,This classic home is now up for lease,"$6,215"
https://orangecounty.craigslist.org/apa/d/san-clemente-move-in-now-in-this/7211622384.html,Move-in now in this gorgeous home with spectacular views.,"$4,515"
https://orangecounty.craigslist.org/apa/d/irvine-lush-green-front-yard-welcomes/7211609692.html,A lush green front yard welcomes you in this much coveted community.,"$4,015"
https://orangecounty.craigslist.org/apa/d/garden-grove-scam-this-house-is-already/7211391635.html,SCAM! this house is already sold!,$0
https://orangecounty.craigslist.org/apa/d/san-clemente-great-single-level/7211332053.html,"Great single-level, panoramic ocean view home","$4,610"
https://orangecounty.craigslist.org/apa/d/irvine-safely-enclosed-2level-lovely/7211181509.html,Safely enclosed 2level lovely home. Great features to see. Attractive,"$3,280"
https://orangecounty.craigslist.org/apa/d/aliso-viejo-bedroom-house-for-lease-in/7211060417.html,4 bedroom house for lease in Aliso Viejo,"$3,600"
https://orangecounty.craigslist.org/apa/d/irvine-independent-master-bedroom/7210785013.html,Independent master bedroom,$800
https://orangecounty.craigslist.org/apa/d/laguna-beach-extremely-private-location/7210638664.html,Extremely private location. Very nice yard with beautiful ornaments th,"$5,030"
https://orangecounty.craigslist.org/apa/d/anaheim-bedroom-home-for-lease/7210629471.html,5 Bedroom Home for Lease,"$3,990"
https://orangecounty.craigslist.org/apa/d/costa-mesa-executive-paradise-bed/7210450554.html,"Executive Paradise 3 Bed waterfall, Jacuzzi, BBQ","$4,000"
https://orangecounty.craigslist.org/apa/d/mission-viejo-house-for-rent-4500-per/7210442245.html,"House for rent $4,500 per month","$4,500"
https://orangecounty.craigslist.org/apa/d/santa-ana-1br-1ba-house-adu-for-person/7193454740.html,**1BR/1BA House ADU for 1 person (Couple add $100) in Santa Ana,"$1,350"
https://orangecounty.craigslist.org/apa/d/orange-this-house-is-for-rent-7406/7207226674.html,This house is for rent 7406 E White Oak Rdg,"$3,900"
https://orangecounty.craigslist.org/apa/d/san-clemente-open-kitchen-and-great/7193820794.html,open kitchen and great room are brought together by the waterfall edge,"$4,050"
https://orangecounty.craigslist.org/apa/d/huntington-beach-serene-3b-2ba/7210126503.html,Serene 3b 2ba Midcentury Garden Home,"$5,500"
https://orangecounty.craigslist.org/apa/d/orange-studio-apartment-for-rent/7209933504.html,Studio apartment for rent,"$1,000"
https://orangecounty.craigslist.org/apa/d/lake-forest-remodel-homes-houses/7209590953.html,REMODEL HOMES HOUSES,$0
https://orangecounty.craigslist.org/apa/d/garden-grove-beware-with-scamers/7209592066.html,Beware with scamers,$0
https://orangecounty.craigslist.org/apa/d/fullerton-attention-students-and-or/7209563765.html,ATTENTION: Students and/or working professionals home share groups. An,"$2,000"
https://orangecounty.craigslist.org/apa/d/corona-new-luxury-gated-community-pool/7193851855.html,NEW Luxury Gated community w/ pool!,"$2,790"
https://orangecounty.craigslist.org/apa/d/garden-grove-main-st-apt-101-garden/7209476977.html,"12635 Main St Apt 101, Garden Grove,","$1,200"
https://orangecounty.craigslist.org/apa/d/san-juan-capistrano-amazing-ocean-view/7193360723.html,AMAZING OCEAN VIEW SHORT TERM FURNISHED VILLA 4BR 3BA POOL SPA,"$11,000"
https://orangecounty.craigslist.org/apa/d/irvine-new-kitchen-spacious-home-wood/7195854694.html,"New Kitchen, Spacious Home w/ Wood Floors,+Fridge Inc.!!!","$3,500"
https://orangecounty.craigslist.org/apa/d/irvine-extra-large-lot-high-ceiling/7195855675.html,"Extra large lot - High ceiling, dryer and fridge are included","$3,600"
https://orangecounty.craigslist.org/apa/d/anaheim-house-for-rent/7208779554.html,House for rent,"$3,800"
https://orangecounty.craigslist.org/apa/d/cypress-nice-1213-room-in-nice-2200-ft/7208692296.html,nice 12√ó13 room in nice 2200 ft home,$675
https://orangecounty.craigslist.org/apa/d/newport-coast-spacious-room-for-rent-in/7202308663.html,Spacious room for rent in gorgeous Irvine house,"$1,500"
https://orangecounty.craigslist.org/apa/d/laguna-hills-room-for-rent-for-single/7191296024.html,ROOM FOR RENT for single professional,$860
https://orangecounty.craigslist.org/apa/d/irvine-private-room-in-peaceful-bdrm/7208047318.html,Private room in a peaceful 3 bdrm HOUSE,$790
https://orangecounty.craigslist.org/apa/d/lake-forest-located-in-the-quiet-and/7208052938.html,Located in the quiet and friendly community of Ridgemont,"$1,000"
https://orangecounty.craigslist.org/apa/d/westminster-2br-house-includes/7190878035.html,2Br House - Includes Utilities & Gardner Service,"$2,600"
https://orangecounty.craigslist.org/apa/d/orange-beautiful-single-story-home-for/7207863665.html,Beautiful Single story Home for rent,"$2,950"
https://orangecounty.craigslist.org/apa/d/huntington-beach-two-story-with-solar/7207757632.html,"Two Story with Solar, Air-Conditioning, and Sunroom","$4,500"
https://orangecounty.craigslist.org/apa/d/huntington-beach-darling-cottage-block/7199281638.html,Darling Cottage 1 block to Ocean!,"$4,900"
https://orangecounty.craigslist.org/apa/d/seal-beach-house-in-lovely-beach-town/7207561574.html,"House in lovely beach town -furnished, incl. utility&cable/internet .","$3,410"
https://orangecounty.craigslist.org/apa/d/irvine-irvine-house-for-rent-price/7207471772.html,Irvine House for Rent... Price Reduced...,"$4,100"
https://orangecounty.craigslist.org/apa/d/irvine-turtle-rock-gem/7205473804.html,Turtle Rock Gem,"$4,200"
https://orangecounty.craigslist.org/apa/d/costa-mesa-for-rent-in-costa-mesa/7207280589.html,FOR RENT IN COSTA MESA,"$1,000"
https://orangecounty.craigslist.org/apa/d/capistrano-beach-single-level-home/7207222998.html,Single Level Home Perched Over Pacific Over,"$7,300"
https://orangecounty.craigslist.org/apa/d/laguna-beach-gorgeous-laguna-beach-home/7207218101.html,Gorgeous Laguna Beach Home in a gated community,"$11,000"
https://orangecounty.craigslist.org/apa/d/dana-point-beautiful-laguna-beach-home/7207204369.html,Beautiful Laguna Beach Home with Breathtaking Oceanviews,"$9,500"
https://orangecounty.craigslist.org/apa/d/laguna-niguel-love-5br-home-in/7207195453.html,Love 5BR Home in a Desirable Gated Community,"$5,500"
https://orangecounty.craigslist.org/apa/d/los-alamitos-great-triplex-house-2bd/7190269813.html,"Great Triplex House, 2bd 1ba, laundry hkup, carport, yard","$2,050"
https://orangecounty.craigslist.org/apa/d/laguna-niguel-stunning-luxury-home/7207167012.html,Stunning Luxury Home Located in a Guard Gated Community,"$5,600"
https://orangecounty.craigslist.org/apa/d/laguna-niguel-beautiful-upgraded-laguna/7207151882.html,Beautiful Upgraded Laguna Niguel Home Close to the Beach,"$5,500"
https://orangecounty.craigslist.org/apa/d/laguna-beach-charming-beach-home-with/7207054329.html,Charming Beach Home with Gourmet Kitchen and Walking distance to beach,"$7,500"
https://orangecounty.craigslist.org/apa/d/irvine-house-in-the-great-park/7207038538.html,House in the Great Park,"$3,600"
https://orangecounty.craigslist.org/apa/d/el-toro-luxurious-estate-with-gourmet/7206951337.html,Luxurious Estate with Gourmet Kitchen & Exquisite outside entertaining,"$10,750"
https://orangecounty.craigslist.org/apa/d/laguna-beach-stunning-4br-4ba-home-with/7206934713.html,Stunning 4BR/4BA Home with View and a Pool,"$6,200"
https://orangecounty.craigslist.org/apa/d/orange-1000-private-furnished-bedroom/7190207148.html,$1000 private furnished bedroom for rent *available immediately*,"$1,000"
https://orangecounty.craigslist.org/apa/d/foothill-ranch-beautiful-home-in-irvine/7206928530.html,Beautiful Home  in Irvine,"$5,000"
https://orangecounty.craigslist.org/apa/d/la-mirada-la-mirada-br-ba-house/7206903060.html,La Mirada 3 BR/2 BA House,"$3,050"
https://orangecounty.craigslist.org/apa/d/huntington-beach-perfect-hb-vacation/7206848419.html,Perfect HB Vacation Rental Home for Your Family and Pets,"$6,000"
https://orangecounty.craigslist.org/apa/d/laguna-beach-the-collective-properties/7206829460.html,The Collective Properties- Property Management,$0
https://orangecounty.craigslist.org/apa/d/irvine-charming-bedroom-never-lived-in/7192231860.html,Charming 3 Bedroom NEVER LIVED IN,$649
https://orangecounty.craigslist.org/apa/d/anaheim-looking-for-renters/7206537502.html,LOOKING FOR RENTERS!!!,"$2,500"
https://orangecounty.craigslist.org/apa/d/buena-park-gets-you-into-your-new-home/7206496826.html,$3000-$4000 GETS YOU INTO YOUR NEW HOME,"$2,500"
https://orangecounty.craigslist.org/apa/d/fullerton-renter-qualify-for-down/7206457117.html,RENTER QUALIFY FOR DOWN PAYMENT ASSISTANCE,"$2,500"
https://orangecounty.craigslist.org/apa/d/anaheim-house-for-rent/7206429481.html,House for rent,"$3,200"
https://orangecounty.craigslist.org/apa/d/san-clemente-235-el-portal/7206380786.html,235 W El Portal,"$3,900"
https://orangecounty.craigslist.org/apa/d/la-habra-looking-for-renters/7206363164.html,Looking for Renters,"$2,300"
https://orangecounty.craigslist.org/apa/d/santa-ana-renter-can-use-first-time/7188393200.html,RENTER CAN USE FIRST TIME HOME BUYER PROGRAM WITH $3000-$4000 DOWN!!!,$0
https://orangecounty.craigslist.org/apa/d/irvine-15-larchwood-irvine-ca-house-for/7206111241.html,"15 Larchwood, Irvine, CA 92602 house for rent","$3,900"
https://orangecounty.craigslist.org/apa/d/garden-grove-remodeled-bedroom-house/7206060554.html,Remodeled 2 Bedroom House with Brand New Masterbedroom,"$2,650"
https://orangecounty.craigslist.org/apa/d/ladera-ranch-11-bloomington/7205947323.html,11 Bloomington,"$3,200"
https://orangecounty.craigslist.org/apa/d/san-clemente-2bd-house-a-cprivate-large/7190358961.html,"2BD House w/ A/C*Private, Large Yard *Steps to Beach","$3,200"
https://orangecounty.craigslist.org/apa/d/laguna-beach-elegant-remodeled-bed-bath/7205358659.html,Elegant remodeled 2 bed 2 bath Home Laguna Beach,"$6,350"
https://orangecounty.craigslist.org/apa/d/foothill-ranch-beautiful-home/7187975780.html,BEAUTIFUL HOME,"$4,800"
https://orangecounty.craigslist.org/apa/d/irvine-beautiful-home/7188417715.html,BEAUTIFUL HOME,"$5,000"
https://orangecounty.craigslist.org/apa/d/irvine-beautiful-home/7188425117.html,BEAUTIFUL HOME,"$6,000"
https://orangecounty.craigslist.org/apa/d/anaheim-newly-remodeled-bed-bath-family/7205016049.html,Newly remodeled 3 bed 2 bath family home,"$3,500"
https://orangecounty.craigslist.org/apa/d/anaheim-bedroom-bathroom-guesthouse/7204879630.html,2 bedroom/1 bathroom Guesthouse,"$2,900"
https://orangecounty.craigslist.org/apa/d/orange-beautiful-old-town-craftsman/7202843566.html,Beautiful Old Town Craftsman,"$2,895"
https://orangecounty.craigslist.org/apa/d/do-not-miss-this-opportunity-to-live-in/7204552572.html,Do not miss this opportunity to live in the beautiful Arroyo West comm,$800
https://orangecounty.craigslist.org/apa/d/orange-covid-clean-quiet-walk-bike-to/7204525812.html,COVID CLEAN Quiet Walk/Bike to Chapman U / 4 BR 2 bath,"$3,400"
https://orangecounty.craigslist.org/apa/d/westminster-cheap-rent-for-grand-new/7204178694.html,Cheap rent for Grand New House including utilities- ok for section 8,"$2,200"
https://orangecounty.craigslist.org/apa/d/agoura-hills-house-for-rent/7204041032.html,House For Rent,"$3,750"
https://orangecounty.craigslist.org/apa/d/norwalk-casa-en-mexico/7204013444.html,Casa en Mexico,"$775,000"
https://orangecounty.craigslist.org/apa/d/cypress-great-room-for-rent-in-the-oc/7203929018.html,Great Room for Rent in the O.C. !,"$1,000"
https://orangecounty.craigslist.org/apa/d/irvine-exceptional-home-value/7189424855.html,Exceptional HOME VALUE,$648
